gene,rsid,allele,feature
MC1R,rs312262906,A,rs312262906_A
MC1R,rs11547464,A,rs11547464_A
MC1R,rs885479,T,rs885479_T
MC1R,rs1805008,T,rs1805008_T
MC1R,rs1805005,T,rs1805005_T
MC1R,rs1805006,A,rs1805006_A
MC1R,rs1805007,T,rs1805007_T
TUBB3,rs1805009,C,rs1805009_C
MC1R,rs201326893,A,rs201326893_A
MC1R,rs2228479,A,rs2228479_A
MC1R,rs1110400,C,rs1110400_C
SLC45A2,rs28777,C,rs28777_C
SLC45A2,rs16891982,C,rs16891982_C
KITLG,rs12821256,G,rs12821256_G
LOC105374875,rs4959270,A,rs4959270_A
IRF4,rs12203592,T,rs12203592_T
TYR,rs1042602,T,rs1042602_T
OCA2,rs1800407,A,rs1800407_A
SLC24A4,rs2402130,G,rs2402130_G
HERC2,rs12913832,T,rs12913832_T
PIGU,rs2378249,C,rs2378249_C
LOC105370627,rs12896399,T,rs12896399_T
TYR,rs1393350,T,rs1393350_T
TYRP1,rs683,G,rs683_G
ANKRD11,rs3114908,T,rs3114908_T
OCA2,rs1800414,C,rs1800414_C
BNC2,rs10756819,G,rs10756819_G
HERC2,rs2238289,C,rs2238289_C
SLC24A4,rs17128291,C,rs17128291_C
HERC2,rs6497292,C,rs6497292_C
HERC2,rs1129038,G,rs1129038_G
HERC2,rs1667394,C,rs1667394_C
TYR,rs1126809,A,rs1126809_A
OCA2,rs1470608,A,rs1470608_A
SLC24A5,rs1426654,G,rs1426654_G
ASIP,rs6119471,C,rs6119471_C
OCA2,rs1545397,T,rs1545397_T
RALY,rs6059655,T,rs6059655_T
OCA2,rs12441727,A,rs12441727_A
MC1R,rs3212355,A,rs3212355_A
DEF8,rs8051733,C,rs8051733_C
