sample_id,snp_0,snp_1,snp_2,snp_3,snp_4,snp_5,snp_6,snp_7,snp_8,snp_9,snp_10,snp_11,snp_12,snp_13,snp_14,snp_15,ancestry
P000,1.1079602041292684,1.6399243120391134,-0.8165751074555749,-1.146832082167441,-0.9402212089257169,-0.6348131639714567,-1.163473799792271,0.16205955906287475,0.7297156737837084,-1.5870983007982418,0.02512871121603335,-0.21993579526633558,0.3415086855368029,-0.012938768103588062,-1.4535992799316308,-1.2623892988571654,SAS
P001,1.5294235755849728,2.5287809197455093,-2.214187371043003,0.34572657980157995,1.1896220052876432,-0.1530258762062131,0.5502024960264408,-0.7030690808978022,-0.11936619927687682,-1.6209135183081516,-2.344343308418874,0.9427658012252752,-0.9849949277244419,-0.4555278450034305,-1.3864422532701932,-1.4099697030838758,SAS
P002,1.3261622999053837,0.7704228058643535,0.37797099799469847,0.4525384189795919,0.32084964632460716,0.2386007909284437,1.5777682049318862,-1.067593769044886,-0.05493486620291775,1.1326898205195888,1.2645398093380364,-1.4217636493445729,-0.3123554416558699,1.3581210958672605,0.5080791051990653,0.19526303147977275,SAS
P003,1.2823153065653432,1.1161990742922545,0.2882190630903242,-0.25237412498448336,-0.04257862104444418,0.07859870611503737,-0.6780715284934992,0.5321293738814383,2.9142446484154196,-1.7769866393260751,0.3240125241899799,-0.7601900886189056,0.57740257751925,0.04655747332786092,0.7618547740424635,1.1755065765087795,SAS
P004,1.6924211177681814,2.632052288414178,-2.3442978937886774,1.5904522979160232,0.3750621518923401,1.0778433557451819,-1.2198757448415216,-0.8307698816053357,0.14593829414477413,-0.017037889337463016,0.2830685880099896,1.0845151609299661,-1.7652203153028492,0.9738190717173091,0.008281909957927018,-0.20378186112454774,SAS
P005,0.028884765615109664,2.003048668376865,-2.414107851031037,0.6483940112387127,-1.492105835472992,0.053457912617474034,-0.11916883732792043,1.1695381472938837,-0.17865516901389017,-0.6941385611456656,-0.506602695971203,1.2728827687546636,0.5362969691808936,-0.3856299815231613,-0.23644641996451343,-1.567177090585447,SAS
P006,1.888474200851541,-0.2598157076954657,0.7517964658354561,0.12862159249126584,2.3869517995739225,-1.1001355537243058,-0.10266209104063294,1.7982877009230627,1.1913896402914144,-0.6962120515798997,0.22396742837344774,0.001999356415087233,0.2819558673941572,-0.6986804359848298,-0.08932040270073452,-1.5980523752767137,SAS
P007,1.6351234518680822,1.950020673421832,-0.227419412643884,-1.6150508905847878,0.9885318628514624,0.3645250379928023,-0.7260150977009768,-0.28060044683806395,-1.5006694027818388,-1.0254101277779044,-0.5378113463571395,1.2284208122801512,-0.6395033908874757,0.6402136593287587,-0.5383162028615798,0.24794756085187486,SAS
P008,1.3586044978561977,2.3730566000927436,-0.5348113382185579,-1.572528250002441,-1.3819490313636327,-0.5318774939427574,-1.2490599706780527,0.4102120156795513,-0.4657681648580778,2.3746065500264315,-1.737714595137132,0.20363317870980122,-1.127953023505669,-0.4934013403826786,0.14141947334054417,-2.325371374874287,SAS
P009,1.7368261167880275,3.4029074622741677,-0.45343829836859284,0.2598078568055095,1.0249216931253993,-0.16395350002699655,-0.5809601885314832,-2.2757364037217522,0.6409907193949733,-0.11316840972889723,-1.0126838513881617,0.12659671027769356,-0.5836803568061814,-0.5284261311155256,0.6062911561087082,-1.3383824113238445,SAS
P010,2.5473152860737587,0.10231383688159634,-0.6627014083552638,1.9229461940665773,1.1273547616424222,0.09760399249544019,-0.9405302155012165,-0.5292723066998932,0.0732753145856964,0.03752323233959842,-0.09087092962596285,-0.03083251408418433,-0.2143751097051141,-1.4419787356400129,-0.5165107421608328,0.9146240539868465,SAS
P011,0.13166570244888254,1.3104444884607216,-0.819753928770844,0.11135042939811132,-0.38863318106681816,1.477393664974669,0.5065831541902538,-1.3118031657772113,0.6712280116136986,-0.774651856262063,-0.5769963713775336,0.3138190201071218,-0.49174741973013475,0.8928558163229553,-0.7745100615133954,-0.6189465525913632,SAS
P012,0.8436291064518912,0.9343612516449611,1.099191555547813,0.6287962936103031,1.709943954012071,2.2676442038992546,-1.0307170319323398,0.07041912732728889,-1.176200316643433,-0.7776059277482671,-0.6300825102556694,-1.0571548741382744,-1.0518872728984137,-0.14428437852025486,-1.216718418386407,0.8421269591376328,SAS
P013,0.5822464625824858,4.309568970096392,-0.45138445096439517,0.07201764191705222,-1.2953411844660352,1.7060917581276394,1.1195006808029162,0.29691587073611253,-1.3468025487795656,0.21066687772462028,-1.121431046017255,1.4623552634733608,0.8091947318531727,0.09543903848773612,-2.4363756632473224,-0.9834159786590306,SAS
P014,2.1877611315998724,2.712883691723156,1.1091698114921316,-1.5920130022414554,0.30155230681290407,1.0155152164829295,-1.6583355655822452,-0.007904515373236347,0.27384239830845625,-0.3007645848467349,-1.8521618554012016,-0.3256981100737287,-0.327305430255024,-0.1480724045477542,-0.5634714254250696,-0.4430121532414673,SAS
P015,1.4602937176530222,1.9424546049697111,-0.3044267628566672,-0.4096489283680019,0.09235403825445808,-1.9209159258951816,0.4770351272264581,-0.0005630971229588082,0.039693526597561826,0.960734307594464,-1.9528155300482481,-1.9738338698589637,0.27380384532351953,-0.007116855128515773,0.17017694319193222,-0.46212707517244556,SAS
P016,2.164353674239931,2.43263884299112,0.48398229395152703,-0.26082845840458313,-2.107689387614403,0.7692362080371281,1.2217286662175928,0.64455841198398,-0.8796424273675065,0.6737943936677578,0.8605297079614455,1.5588162477990857,-0.8761099242279576,-0.22645458454413847,0.7472720511434552,0.05741007143815779,SAS
P017,0.3826723979487252,1.914616285026703,0.5786616338151667,0.08796289633100199,0.21958492717994416,-0.25870590168573016,1.4782789357160593,-0.9006921837126766,-0.5873207627637789,0.010985513527525621,0.8789540277008926,-1.4973731700945367,-1.3102967497654392,-2.037728507734718,0.03269522525327079,-1.1183058172065439,SAS
P018,1.1154498899820833,2.161378189891708,-0.6415427207828466,0.23128202274336457,-0.29933790775172203,0.6721143150964368,0.4751280673480088,-0.69193369617461,-0.16865175340045263,1.0437433977204944,0.393376870254097,-1.3969620577511315,0.6556180611713827,-1.0846106224362382,1.412513069961006,1.024098839841025,SAS
P019,1.7898854759184009,1.6572328434361934,-0.20903225602742,0.6785239514000281,-0.37077816946206166,0.23556987063989387,0.8719343665194511,-0.5618065435255897,-0.6161927399906946,-1.194365480724459,-1.0644727461261723,-1.8283953114415024,0.7298287890155296,1.8089145420827708,1.4253289434703056,-1.6260844886265164,SAS
P020,2.2248546715562,2.9221063499235562,-0.456809980738664,0.10144743065004946,-2.0078930508046704,0.2667361679766415,-1.0635597294347174,0.19963501791151453,-1.5612029221888803,0.5428582244775959,1.0245126754266898,-0.7831798617151676,-1.1369225814104345,-2.156023042549981,-0.26641353407517704,-0.5815939342816051,SAS
P021,-0.05101941234805474,1.9530187563121717,-0.44997038186464916,-1.0757359586452324,-0.5545724056404471,1.0713045389296156,0.6029369437552222,-0.13002606149848983,0.6191050184648526,-1.160911956386739,0.03237010072703053,0.14732233048647056,-0.4698365084987269,0.43545833595741784,-0.7804334546444512,0.5098207077761179,SAS
P022,2.051858771531292,-1.4171598806970662,1.1903057035101177,-3.047632565352754,-0.6160490255561253,1.025348034257755,-0.31728672525244067,-1.466185982469542,-1.0937370617166706,1.0269057463206197,-1.9215045305486382,1.1289911009620173,-0.05510209904228934,-1.1923953304424335,-0.5831150723026911,-1.0172243411016413,SAS
P023,2.3662252008585285,2.2324278097628385,-1.7191611338760466,-0.4035921185193341,-0.8631856623442771,1.2935099684593703,-1.350099118126421,1.604229104685014,-0.033294739516937566,-1.1619344063800876,-0.6772741840092779,-0.8016188407684506,-1.274618402015506,0.09482685973037566,-1.2279155506918433,-2.1803662087381888,SAS
P024,1.120323529151827,-0.30285619641788264,-0.7521608680675204,-0.9091028886033559,-0.8712160720258142,2.0009631015901537,0.05641156716957076,0.24537100899533215,-1.7763982963422946,-0.6539631336369219,0.21530262994151197,-1.0245289129130064,0.9080628435179854,-1.2026965859010301,-0.2863661358651756,-0.5860516399755586,SAS
P025,1.664320659381916,0.859509928144574,-0.27089362707093734,-0.23613009177798555,-0.734387757391301,0.48509386849711267,0.23838837483742528,-0.0886139452531673,-0.4304583334619581,0.796544030519997,-0.23583424381418136,-0.3066972878259372,0.10469002988812601,1.6965866829708507,-1.340356208021204,0.7698568930553547,SAS
P026,-0.393171161238105,1.717273158228624,1.5750828276087308,0.48866852446730713,0.1706250785397928,-0.5604494688030756,0.03104720048855424,-0.2520628154033563,-0.7859766079313554,-0.28987561547486984,0.19838116062643954,-0.7672170685306403,-0.8062818206846841,-1.3602434375921744,0.3907250260888961,0.5453232619670604,SAS
P027,1.7316604442365175,2.465170492728666,0.08786763708072752,0.3920109373657567,0.30383742563756283,-0.09154001941820787,-0.5308218281296473,2.214152615791911,-0.4519509798535085,-0.6658777111204364,0.43400982345010697,0.25185441529500513,-1.4047915476103274,1.1226782545637386,-0.09419457535083331,-1.1109310952157205,SAS
P028,2.688784114353874,2.1256755715961537,-1.2645419919479142,1.7771828402577243,0.6587973683661927,-0.010196115625046132,1.5902188056217794,0.15929778382964058,-0.02808307510403198,-0.660300116021989,0.5818504393070786,0.4766029673239799,0.014680139889711287,-0.789986353867603,0.12992985416607386,-0.06979878576213788,SAS
P029,0.16652568126579892,0.02818764867581436,0.5651533788097695,-2.601888315051689,0.20541052696125997,-0.4780830577538245,1.3082466068799101,-0.49346820915387574,0.659484214251896,-0.3969138412377916,0.11374815348614345,0.7368365309200512,-0.46255571632458015,0.996554884498404,-0.9936978771064832,0.2945928425583791,SAS
P030,2.422639722787853,2.1600374917903347,1.9164448767354103,-0.7634393173106605,-1.379149251348588,-0.9943351084951194,0.660442566548437,0.4979229342693786,0.10225665964741577,-1.12295704910713,0.7668672933290608,-1.2247047776505404,1.1589495823768998,2.857438423139865,0.3664511465715505,0.5831081356577431,SAS
P031,1.0071402311044406,-0.3102133210868163,-0.6027193630302223,-1.0928952410987494,-1.4470045764150157,1.7223599419956492,0.272862518025773,0.37968758061398367,-0.30902236519624954,-0.17287108244343635,0.9645506822393334,-0.03233711869521544,0.5306939380247327,-0.19600429784501586,-0.3421528907320472,-1.406914165601862,SAS
P032,-0.4777490623671281,1.2384380989335981,0.05649669199323269,-1.286130036708791,-0.03447486503463288,0.053752562990502024,-2.156008006059379,-0.9151246594795012,0.4072638937354685,0.3870587293957439,-1.1536749163997606,0.15844805049973495,1.0224072253604721,0.7770729589908982,-0.09528578701393456,-0.4679763133242924,SAS
P033,0.8706555156654956,1.967819782909657,0.19510397314288802,0.6294040061022004,0.13187381312115198,0.8187639503474419,0.09459253295770016,0.7846887161316864,0.8708227703666389,-0.8045266302248135,-1.808144046870746,1.5434928560145533,0.2566587307122617,-1.7144858954961215,-0.7138194972187111,0.7718742923698284,SAS
P034,1.220323168867107,0.9879385806808729,1.4008818603129667,-1.0472871463838105,-0.7981533577548339,0.21138647504826755,0.39045493205388226,0.4963430343407315,0.9112380445689469,0.19857862068151685,0.48938393893840915,-0.2592092593150832,0.06269830323671424,0.10753418005363442,0.21509813581903608,0.7725398075827608,SAS
P035,2.055145681944831,1.5442170029001832,-0.8091259849410398,0.06767125806270954,-0.028017784895743934,0.19318157981319836,2.206525307140402,-0.5237727785412354,0.42228901912535954,1.0684620672442982,0.09800191409938289,2.337845119172165,-0.3780392917314767,0.32408922232004705,-0.798805744892982,-0.35152473514329313,SAS
P036,1.748933910396658,2.3463040623077296,0.3190948340235742,1.259114849334736,-0.09496531059267174,-0.33216852983900536,2.7039851072793866,0.39423764944203077,-0.7194815459785476,-0.6942637622480688,-0.9426799145313405,0.9365693558567879,-0.36437729289324183,0.12736247565648562,-0.06350867443826871,0.7314924079409346,SAS
P037,0.6532559071159799,0.4244277138569845,0.22429730718159427,0.600959284699897,0.33253231309764075,-0.8094537290973276,0.6774848420913938,-0.7438609270956342,-0.5215386447863833,-0.9439535247220022,1.3011583486520308,0.6334215410273492,0.6049933756788733,1.2472114211424503,2.8126492482387233,-1.7092261039101555,SAS
P038,0.7616234191228919,0.8838249158254762,-0.8508196223826928,-1.0775832476037126,-0.2996530640553656,-1.216603715289405,0.3350423675374132,0.051698321428614635,0.4810286647636553,0.5077284516382525,0.6030068534266765,-0.3734089368238823,2.1211434026336673,0.23443111648209775,-1.862484752624795,-1.0023757457662175,SAS
P039,-0.24050298902781564,1.5173346291513072,-0.12180522405333363,-0.4684256978994578,2.010926112400514,0.5489828740769108,0.7260983614463344,-0.9310734879421032,-0.9991448913310123,0.03680549909695475,0.17300713965222583,-1.856311567114457,-0.18030702284953407,0.014072082873504806,-0.21514916577112894,-0.8133904123466764,SAS
P040,0.96046481807886,1.3231408064272039,0.09080002361004777,0.604791582550568,1.0808562049508712,-0.2943477235272498,-0.45615619611535785,0.43765567353430623,0.6108449164108543,-0.4342004332588856,0.7903934769661722,0.9795853411559731,1.291686465658673,1.7783209067198225,-0.8664161386594389,0.01389820933251119,SAS
P041,1.51127769661866,1.4019264314674924,-0.6492629196101362,-1.4855620032310715,0.0926794460290038,-0.7683556595479125,0.085993480747625,-0.7940435416988534,-1.0996583458443414,0.2342983603768977,0.15092152680649595,0.579281971320933,2.1858637664176253,0.2772895312108468,0.4850817670641296,-1.0775613288673254,SAS
P042,0.21309255946362549,3.0828294467733337,-0.9234797799333037,-1.043944071468642,-0.03909892121655298,-0.09019241337738836,-0.9025065064432917,-0.3049732187131,1.2293757176501043,-0.8059936088317976,-1.3936724843661716,0.9425936208997923,0.4922969119380367,-0.6205186206486616,-1.582167016126918,-0.7446233564385631,SAS
P043,1.4452955631507287,2.6656720898838193,-1.036581974869657,-0.08451988151147344,0.675144659894898,-2.3812673401219207,1.0337861679388998,-1.1824505722064373,0.3319954934569346,0.24668314961074406,1.084586391463845,0.5509243808935403,-2.377290491729981,-0.7847792471559913,0.13820512935328008,-0.19497988611978695,SAS
P044,1.9776107297567704,2.289366555669705,0.6084517364296791,-0.21427494255446522,-1.8463370111204804,-0.4554812488548173,0.4163681481389552,-1.0904472525504776,0.6312747301215763,0.9083932972673044,0.12686697629584257,-3.063779866312396,-1.2780883627118034,1.8861891585560817,-0.546537793028378,-1.984143223128996,SAS
P045,2.735247388310272,1.513355591543673,1.1049404889577255,0.2769586752193653,0.4585591362121688,0.3630092477145166,0.697488311921,2.2774304485560983,0.9710063359591881,-1.580339317845535,0.4466615152789034,1.1414807681032177,1.202700806536146,-0.42660498305909955,1.1649444451881277,0.9277423995512052,SAS
P046,4.07251743696973,0.7499982637514885,-0.5074005764004252,-0.3061190484599539,-0.4902221500387753,-0.890020749763603,-2.762675505673743,-0.4346994737231341,0.36935805969990443,-0.4932218455059107,1.9353811835291097,0.013375812715862578,1.2910290551841355,0.26142041272996835,0.826407309893258,0.27924155393356226,SAS
P047,2.868784631903563,1.5559393501324008,0.4961207080887857,0.3663329336500437,-0.2882854581273188,0.4049823189246768,2.234386246197682,-0.270396942095442,0.4194648928532483,1.2577789508694428,1.1402532809442802,0.011716417719365251,-2.3833887029573617,0.5167028186484662,-2.2194742586230527,1.469937230941231,SAS
P048,1.6694738711932606,2.499674019871989,-0.9021111381810512,-1.5525074733000543,0.2607543841411672,-0.03360343995614198,-0.4915408261571657,0.08466128073276377,2.76743589203226,0.8345255473690577,1.049498605863319,0.8439368915533556,1.4794621438521929,-0.1900716729007449,-2.0547613076752937,-0.1885861330060098,SAS
P049,2.3117357099965017,0.5301996048849263,-0.17636595048933035,-0.6917697430023131,1.5020292518431304,0.7494570154065637,0.651540620643959,0.6216013131209713,-0.037249252552126945,0.1975562825275035,-1.1851845805323176,-2.1864419787505676,0.15008113034502407,0.3239902562721444,1.2092645684253776,1.5713358160823676,SAS
P050,1.5699984849989468,-0.9980235932938778,1.1477349650502306,1.9803342958813794,2.5319046777421774,1.480099203713916,1.1193971619983802,-0.3877879555492906,-0.8831996311551246,0.7889078833832395,-1.10066126423436,-0.23843635098030264,-0.11477794900192263,1.592912089122808,-0.35469730295967755,-2.4392496385726155,EUR
P051,0.5044446476624683,-0.6990218531039264,1.5426310244377468,1.4132952991578764,-0.2737039958177683,0.7903405817847039,-1.5328648783527072,-0.5170142249543602,0.6840379131173813,-0.6140847753443682,-1.6088067092699718,0.6685553432567358,1.123094630441539,-0.04499520764300634,-1.9608455984695325,0.7059697466988162,EUR
P052,-1.659887881419688,0.3087992768481657,0.6125361752578402,0.34016071423303473,-0.4419100170796902,-0.18329755642725984,-0.6442082503864482,0.5887032782151507,-0.44606937845883377,0.980190871671822,0.28117316564347944,-0.697557206596308,-0.8659398838322859,-1.6474962990474387,0.2907331778668224,-0.3545875472513581,EUR
P053,-2.3721955280635143,-0.5357148727694001,0.598965970745048,3.0756775921706603,-1.7027786118933097,-1.4413507997340538,1.1099696431056998,1.3567631574639631,-0.7449829387256415,-0.6320858228089109,0.6162353965533128,-2.32709979694531,-1.8611936845055561,-0.28073340085071186,1.549890566129126,-0.4357300881667396,EUR
P054,0.10093679173515462,1.133789272564012,3.606884733278146,0.9231515268516874,-0.016836723733426057,1.8220552213428425,-1.5221992751914284,1.0275810705538218,-1.0183155323612583,0.10247236710315673,-0.24261904740027426,-0.9580116007012293,-0.9831019276582751,0.2764143642537545,0.9955393281626821,-0.1297362031885032,EUR
P055,0.07011315873321637,0.5711740662910472,0.5283812269870402,2.239692508412923,0.819343097059747,2.60362629875041,-0.3761041905595823,-0.4580818016681276,0.7689658715737455,0.8191041689121383,-0.535087153376712,-0.40316267693004887,0.5411308382180404,-0.8275842407346614,-0.4105339880150149,0.08959276736843465,EUR
P056,0.9959386848222581,-0.6045986161795408,-0.34238446203067197,-0.4165974675182109,-1.2594130667061334,-1.3131677181999373,-0.15461075861990903,-1.188880153597605,-0.7027549598212041,-0.7740858849820498,-0.4405078608479934,1.3225043315231224,0.6619475894305167,0.016129415276003874,-0.4610262805808381,-0.4332326566230212,EUR
P057,0.3277464699519495,0.5841690733522902,0.5923824938993996,1.5364807556142315,-2.031619568663027,0.21171378417059702,0.762149241958686,-0.2800686268808754,1.8165269961401054,-0.8812384474360504,0.21744041530326128,-0.035824746665955476,-0.10029766744340833,-0.11432216800474763,0.10710503000947168,0.8479587434636998,EUR
P058,1.3777362362747443,-0.0022502445041573905,2.3153160721716333,0.7982330537332175,0.765955452726233,-0.7619915238269903,1.0906599360881322,2.2106408773932396,-0.12208388797139179,-2.1925434908074086,-0.548072933244823,1.2318751342893033,0.5530767870252449,0.24891359867502955,1.008668355954839,0.484453439248422,EUR
P059,1.2177251874511363,0.9194236766469855,3.021700452736959,1.8587960839062543,0.9052594014939547,-0.3071270730857854,-0.6014608115590059,1.7067676404189733,0.21620467632268803,0.804880565862379,0.12374001441139017,-0.5865156509199643,0.010982892582401323,1.4359940177677142,0.555240074279424,-1.711473159730459,EUR
P060,-0.2152444565761547,1.782293792704712,1.2862031381500438,-0.3004786917341806,1.8930488854225436,0.6823925098127926,-0.0700128588128004,-0.37141773608206863,1.0823519297917354,-0.5419834002261925,1.1482564245159883,0.542195285724256,0.24468192548734993,0.14551480533559535,-0.17496803671417813,1.0456401202092658,EUR
P061,-0.8653428321018342,-1.6219251268302093,2.1144401228924745,2.131238328067148,0.4802411525117667,0.4077283696180388,-0.32054037833754784,0.7874827043855253,-0.04555812675454088,-0.4871135608151781,-0.3118913122553999,2.020639698775832,-1.7349760820454327,0.49978810429579884,-1.6791104276237172,-0.10823333832297323,EUR
P062,-0.4336274851541877,-2.085028296679878,1.889037590433763,1.119961937807804,-2.099206342561244,0.8395680907742521,1.435006177988935,1.490124342296572,0.35895644065147114,0.04605813857711549,1.328156620895797,1.6823835853400984,1.133568702875625,-0.9415376022298011,0.2013448532149219,0.4395161442914286,EUR
P063,-1.8096169689172292,0.4693606596207741,3.772991825979389,2.1399361658007914,1.4734130814417563,0.18291473012870507,-0.07321832398382148,0.3812713900809755,-0.8158266479844326,-0.9637751872343886,1.2663045571693656,1.3723423428665182,-0.9911063155873504,0.9679988045538644,-0.08695997560602091,0.33980857449043056,EUR
P064,0.4602186394350634,0.9943504681243184,1.582718201863189,2.910161995301936,0.30941283975992473,0.6241842724695326,-0.8332625915372465,2.158659010704834,0.4698249232049664,0.7129974253450992,-1.6081858112115415,-0.822702023079101,1.2378836879187305,0.2868911182926047,-1.913779734828926,1.038289928983819,EUR
P065,-0.5437828043527234,1.411316985876712,1.4121643213963004,1.70470668602053,1.1789545785916484,-0.8974929708546623,-0.9928468078339396,-0.19649842039810733,0.8271727996212221,-1.3308772526134907,-1.6680345998890966,0.8237209270437923,-0.6029783125670037,-0.3922260129202831,-1.8568104019401659,-0.6789793143519821,EUR
P066,-0.007567296631150636,0.9303778576228922,0.7287698337653612,3.1573761202324966,-0.6845560241798007,-0.6830918015851747,1.5373575518978022,0.21146015236391716,-0.5520247290115766,-0.15513313118059344,1.3530735775420593,1.4662028196256818,-0.816793179270256,-0.042433810079108215,0.09015682766757308,-0.9862401105165975,EUR
P067,-0.05568505264999431,0.005322860451700487,2.6402094789367356,2.707425028311201,-0.32920939835900803,-0.21395314386081168,0.6642923020556356,-0.5851884489270115,0.5886401517374027,-0.08790648736921473,-0.9693985777386207,-0.9568367128796466,1.447058696031102,-0.1564214791432986,1.640354093898311,-0.5136362607149101,EUR
P068,0.2912052011314934,2.3926767230182415,0.4426132553367208,-0.3978144998997766,1.2865901312872332,-0.8268091053930736,-0.020706364106233777,-0.5859182104515849,0.2681627809553161,-0.9505362071857422,-0.1799400878833061,0.4498153265565342,-1.008308886274262,-0.7000840296458889,-0.3473828335985318,-1.4288154342262782,EUR
P069,-0.4225609827987464,0.11879653990290184,1.1004510584115716,1.2286235070682754,-0.019901670906585355,-0.655743462432314,0.6910625658668772,1.4359781248017758,-0.46438039219544847,0.4851982314777071,-0.23961715543464693,0.3654873450385047,1.5657795312032543,0.5086595430180988,-1.7734145388096807,0.4539956314469589,EUR
P070,1.2328637433090093,-0.2215961699981027,2.4956348061178324,0.809884458848054,-1.4855391595222738,0.14116901883264016,-1.7564767207463141,-0.23977101289359176,1.286842262645503,-1.9097629057462808,-1.2794967959138979,-1.0320322451615775,-0.06331985971095996,-0.36571678564620924,1.3991363816960873,0.9543483290916974,EUR
P071,0.49527294606859795,0.14563031434388482,1.8932297769848274,0.638017644686625,0.8572103535566122,-1.112044254359201,0.8353769939022309,1.186142502118831,0.2108646020880872,-0.17621305896197587,0.4003099083096733,-2.861518370100673,0.30225821848546125,-0.11335399783980703,-0.05062811305699102,0.7065325128978275,EUR
P072,-0.07476892156472781,-1.140206856651158,1.3585973291746218,1.5675554840808246,0.11493391158101274,0.16191936728506806,1.0393690449185533,-1.0860345530341475,0.17570045616484992,1.289929698618241,-1.7346114969371953,0.17964668078005355,-0.5853785019730434,-0.37071038447310495,-0.904807503214422,-0.16955071570044408,EUR
P073,1.8412556144269043,-1.2644303611772136,0.3303899975211726,0.19806542983649544,1.727418286628101,-0.46233970552128695,-0.025639060347674214,-0.4027829411062397,-0.9444228784030915,-0.2351506466144354,2.45824360573656,1.392070920974255,-0.8529378177922723,0.6475741030616857,-0.8315227726663764,-1.7763676388462208,EUR
P074,1.0195109176646295,1.1600928466435507,2.5460522510478993,1.0301347507804273,-0.16677573400198623,0.7497655536581233,0.3914960373481072,-0.3936374712970443,-1.6190718201181646,0.11387519414201226,1.0790096392361133,-1.1975882890341571,0.638759381675977,0.33154169513369264,0.7501482632323336,0.8719754997190072,EUR
P075,-0.694465241925353,-1.616959400164946,0.9664804743171207,2.3891273175270076,-0.542003903525971,-0.6940433238576419,-1.8213503419246384,1.752647554550939,0.8257136414253099,0.7698959812747644,0.9677253867794737,0.5767083615434017,-0.24432885517952907,-0.16376410412220166,-0.4275643645921248,2.634740754415,EUR
P076,0.5559120312994426,-0.46380044135143456,1.9654967741662799,0.4891310821436825,1.504506718589227,-0.6610690958071401,0.5010854326224657,1.0659776297431345,0.3847685442049928,0.09446999181963821,0.010802084856015158,-0.056441096887107134,-0.5766984889275022,-0.44948342976970423,1.479590373650935,-0.10853663268515668,EUR
P077,-0.7857962693827731,-0.5162975968615086,2.600370680697223,2.1756066331644783,0.5603291782322569,-0.25752119890979147,0.5733624701729451,-0.643561124950648,-0.25961403134577454,0.9698044873917454,0.8742776789190644,-0.9819098459508032,-0.8555264529085758,0.10870215281340967,1.7261323746695099,-1.9155651644689942,EUR
P078,0.27833293957050426,-1.3760433315731482,0.8656690064744544,1.1355715819357586,-0.4205083434368909,-0.5337959396592085,0.007207060376370152,-0.5352555666305784,-1.4624573848541527,0.7798696125227764,0.7528721671488805,0.843174310022669,-1.5407344962640819,0.29891815258415083,0.6759788558069234,-1.031202068439585,EUR
P079,0.009173248182129144,-0.11626664531036575,3.3421506585682637,3.424496037012573,-1.6643563933302008,2.4939270057279894,-0.9152257211533239,0.9806732943274258,0.9704979808637308,-0.9956902268418067,0.493267793839099,-0.10753374426606396,0.5543300046323907,0.2306723023806257,1.196339485370247,0.07539954314606226,EUR
P080,-0.16787406942631122,1.0960642330571804,2.0803959648586035,2.2318133943208878,-0.6645866722585968,-1.045262781398474,-0.5677221432527015,-0.6208213856805886,0.7861992686529143,0.9759840502940518,-0.15513028953240038,1.4309190188243524,1.3684693937651298,0.24339891640053923,-0.82189177154304,1.5753766494355401,EUR
P081,-0.06101735102840823,0.1261651964309746,1.1603949743934314,0.6102096737028024,-1.4686394303152919,0.6328683235572881,-0.7834010538966204,3.0595312289968235,-1.086073582612479,-1.25738247498137,0.5101387156134412,1.5293134789672953,0.06458965694322165,0.5722424201872743,-1.8435474174587096,-0.6775115456917667,EUR
P082,-1.073615729137567,-1.895045849947881,1.616980234023887,-0.7428276216104335,-1.3221959660874487,-0.537193794013418,-0.8312858359510763,0.3964085022070677,0.30558019190248,0.8937987459354568,0.7523837327126781,1.1408127893613809,-0.0019184000090541567,0.3034669008166697,0.5115137019191913,0.1416566973910257,EUR
P083,-0.3971943099170739,-0.3324425343397702,0.6824416016700345,1.9216168299098295,-0.09401517408515554,-0.6631737506367649,-0.6622448193245927,-1.2103987277827886,0.9788413412371997,0.07861766953178756,-0.8628000195732701,0.8085477496020183,-0.560448809794373,-1.4065006270122327,1.021222289219133,-0.5370969895661131,EUR
P084,-0.4088990902087895,0.04118002034917748,2.642589222790115,1.5200372908663118,-1.1991171261452302,0.5438770041121802,-0.48498972426172404,1.8879239715294662,-0.0011197219978901704,-2.235035497898666,0.357364972155674,1.9445977922602284,1.5759202885453896,1.8309542887565653,-1.0197601853814635,0.9121523959767788,EUR
P085,-0.7219945397367117,0.2242893994169245,0.22704757126026753,0.8555442351172837,-0.6762466973636153,0.8985552801426162,0.8007191216696554,0.2768197293308208,-1.3504214180553855,-0.31163943394972,-0.746116482942726,0.869675756694491,1.1781848528171845,1.056385586030883,-0.7552194194170205,-2.739533122289479,EUR
P086,-1.7669618981300543,1.4216269780822084,1.098745060680176,0.7492753817348875,1.642660293436234,1.2651599454883269,0.02444872191978665,-0.2934030910639739,-0.13210121281312523,0.22716279838746606,1.600047281319608,0.4224674242372267,0.7260290330391413,1.1692701090701714,-1.169676001024419,0.7548618924740429,EUR
P087,-0.29456875466161137,-2.516095195772766,-0.628169541985812,0.48188238848131437,0.5312232285925814,0.11379956534029644,0.184366707175664,1.950943482686692,-1.2690896148598123,-0.027433354183723595,0.3044355228138156,-0.7362731165383355,0.028326745082940964,-1.599949334084345,1.4099062172750279,-0.6816145525304338,EUR
P088,2.031400164778503,-0.03247432391745505,2.5280535653991834,1.4466971310088457,-0.03074383226052982,-0.5840293332220078,0.11912392936627762,0.31799869441404743,-0.7842585089151799,-0.1250444158598842,-0.6100988660571137,2.2996640696148387,-0.08973076991161853,1.5452321516965593,-0.19562233080768832,0.25928764153490796,EUR
P089,-1.3213640716452693,-0.44707259186786463,1.7105346707892468,3.086003830959867,0.22198277767627117,1.3837203611929991,0.6407291102029202,1.6274013394646858,-0.059042217305055426,2.390222710651804,-0.485396202914123,-0.766461834197669,-1.2100528496890341,2.3310246715580702,0.8194475726178976,-0.33412073338030845,EUR
P090,1.249022696873495,0.687692185117782,3.4661274713755903,-0.047832832739911346,-0.26536010831425455,-0.46252138394282544,-1.9736826764086015,1.060327204779694,-0.2703965558033584,0.7396312049865622,2.3597719343296117,-0.3532436918276083,-0.4211529826571552,0.11866416972399602,0.9872473529834096,-0.5667130253101499,EUR
P091,-0.6309615971321306,1.0571892702413659,1.8786393238380357,-0.5447282630048207,-1.2253917994691081,1.5012358638272103,0.4019282830788125,-0.762195931037249,-0.17040965723498214,0.013236672801670204,0.7357333602801638,-1.3582633948587894,-0.8409491386704581,0.27295575486338886,-0.09983458049545033,0.5718591826367099,EUR
P092,-1.2295073973595978,0.3571286762713211,2.591583619377472,1.9868185471492834,0.13911173976159188,-0.09588360256597088,-0.8348511527715018,-0.07199859243978847,1.259705852880406,-0.11902850660012523,-0.8898039893484101,-0.4922470887653863,0.20085029727593015,-0.37351399718084694,0.4853032830631407,0.5228437607490304,EUR
P093,0.8889831804046482,1.4235594722650329,2.495858724372361,0.5657609358520401,-0.9035344465762722,-0.07577147645982442,-0.4511753572394145,-1.1383267269609427,-0.44169179417299426,-0.474512933619039,-0.6718477397612058,-0.3157894861550056,1.178450850318331,0.19923804124923924,2.4718090760554694,0.17050818601964934,EUR
P094,-0.29006577393725175,0.004132882654866092,1.75649197844354,1.9352539571710636,2.0767113258590237,-0.8453204649775686,0.8590460581777356,0.20775059761412384,-1.5710977425706176,0.7706987820947633,1.2676235608039048,-0.8571764037774298,-0.008933867891970693,-1.7253542620077036,-1.2588064596843365,1.0480295776172526,EUR
P095,-0.4664165060074345,-1.1088029749380393,1.7294603644584297,0.9775875685689768,-0.4708216577755361,0.7393260256749032,-1.1617333589343466,-0.9053652126818322,0.15407999214886864,0.9694097907482053,1.2381603014898497,-0.665061720361623,0.9373769669196479,-0.7841422934704089,1.8262093469068,-1.1337710254197284,EUR
P096,1.328478810791731,-0.6564861068187239,3.5132464547946003,2.091320728852484,-1.016016529408222,-0.5222384795425068,0.7811812052237417,1.0526444176155614,-0.07071559172446261,0.044658280963466405,0.7583530326440655,0.13179842701081995,-1.2935048593383758,-0.8129740246401806,0.23511994315166507,1.2154824164976936,EUR
P097,1.6159824241620477,0.7795294207714503,1.7872907610363638,2.248813885982477,-0.6667508502068556,-0.15323096025821417,-0.8241307213394766,-1.2487426107077115,0.33354901163620493,0.1855133065847436,0.6876524845090128,0.5461118308924472,0.24264427132386202,0.5566166656775543,-0.04268309622747663,0.4128913952224006,EUR
P098,-0.7261444026863596,0.3697059256391301,2.1684176852860095,0.8303185719277969,0.05183209899284673,-0.6236025096293596,-0.5265066965161149,-1.1249293551021546,1.2657749251665555,1.0656851747200478,0.5374338542273371,1.972195951943814,-0.18924569656839169,3.0317624151106344,-0.22752941536322038,0.25519335175601643,EUR
P099,-0.39777791394020817,0.372325560060305,2.3356149278862444,1.386083606946916,1.7767198471176207,0.23914928463346072,0.2704853861101991,-0.9089976945137175,0.4184990745503845,-0.1340272208093656,-0.6082397293372869,-0.7764744081483639,2.671763379756685,-0.2634772501790354,-1.4569854207812678,-0.6982214597325725,EUR
P100,-0.051567839476213594,0.546667032616485,0.5547965217253135,0.6766145517765254,0.8551396933626704,1.8404404435015453,-0.8760594641105784,-0.6196429830140117,-0.9177089745002595,-1.1883888545982695,1.0642094888580087,0.6886117009788877,0.9766653699781299,0.03931306602429631,0.7768076988651466,-1.761289404642545,AFR
P101,0.8630875180453551,0.1771198300050302,0.6271096001491656,0.38002329904861315,0.5129448454631134,0.001960224608953398,-0.7120541661829632,0.5649172812729122,0.6900914151753954,-1.3679422773818628,-0.9810993674682146,-0.7232356859408393,-0.3573050602668157,-1.3620508308526522,-1.4220517661401326,-0.8218352964075539,AFR
P102,0.08625383622500567,-1.1805943397534906,-0.11580350997176611,1.0585528161418154,0.19822026258648995,1.2935542415894605,1.0247567337507726,-0.4182683903638093,-0.5736696908584189,1.1634958143064738,-0.30620207897154783,1.1044950252055679,0.4289653911271988,-0.34284465290983673,0.47969053059753036,0.3204495138460378,AFR
P103,1.020882821002474,-0.5483455378650185,0.041206066781619685,-0.061515679604637406,2.204148141639785,0.4748208055558243,1.016977048237856,0.4663287721704166,-1.3169250736329463,1.2082628254805003,2.2340930807977313,1.0018339695494078,1.4269847672264693,0.0853713816025881,-1.66150491973851,-1.8441204511675249,AFR
P104,0.25508204386775846,-0.59197880772998,-0.9145762783273513,-0.06274668396867535,2.115585287861288,0.04724245323785281,-0.4488776202803848,1.5098706831203152,-1.0752883802213746,0.8697611871649563,-0.4847307615489939,0.5457937598499527,1.0973275072028672,0.7412817669850216,0.9091596022138765,-1.1515935334079561,AFR
P105,1.1136597067412988,-0.8526931146348199,0.2595417655715384,0.2582461869972269,1.9851225588695809,1.8369566760601905,-0.8438099785247232,-1.3498674122957162,0.8723486799617686,0.18583457751891555,1.1493768409578178,-0.04473293418786798,-1.4051643606769604,0.9661296810041061,-0.370370609661107,0.3420034574210212,AFR
P106,-0.6474594284795192,1.6443017102336905,-0.8765648241831969,-0.33742975410617465,1.6074487026973163,0.40781767291304183,0.33051952858759515,1.6119104774674902,-0.49046216069371046,0.3951428190317255,-2.7494353860385554,-0.03892920048484066,-0.31304228592620537,-0.8184976024103849,1.081450469628532,-0.32624368162382816,AFR
P107,-0.17747748709358746,-0.37719287478907115,-1.9168158717650765,-1.131986440076961,2.461093486120216,-0.6099506468799718,-0.7663153496157056,-0.3997200562897638,1.7436218672915653,0.768603765496369,-0.5571705270530996,1.304513697115551,-0.7405158205011196,1.0090998037340055,-1.3588772459230156,1.0732578317891572,AFR
P108,-0.4061336454709856,-1.0285042409412697,-0.21714361307631405,0.27734417972021486,1.0052515694742878,2.053953505995324,-0.5829938836640675,0.6203723939313579,0.44222206203659953,-0.06092305470793503,-0.4413823123659498,0.15154079576526616,0.5502537430336992,2.0617991527316084,0.939420421798181,0.9759899498158413,AFR
P109,3.0885121948602836,0.5159584767678441,0.4846435113117023,0.7040150743216541,0.4910340224117469,1.0560983635812438,-0.506169266692334,0.6476139772195617,-0.17417456222119868,0.1382234254743028,1.0874546201484645,0.8631507387041388,-0.16172100304124704,-0.6699950968782225,1.1352747316531886,0.7738911809098658,AFR
P110,-1.6062568182953822,-0.3131539389082808,0.1655154620167624,0.7788297171210313,2.410101494939771,1.7839060011754735,0.585247531358856,0.06413680237815363,-0.6738516881805606,-0.261264391041254,0.018991186640108272,-0.034679250018589874,-1.8855729044434706,-0.3974833349294312,0.05620565308915186,-0.281369991905701,AFR
P111,-0.24682379551158573,0.4879913708045874,-1.0789571870486339,-1.6280422139512112,1.1518302091633252,2.2641144055017897,1.6875530394866385,0.78212823909474,-1.4682637598688473,-0.23236723937677117,0.2566343810815294,0.1775911169235922,0.539304552942874,-0.9170489464607607,0.06494308755074261,0.420322829776129,AFR
P112,0.8256709533036595,-0.805718166612792,-0.345156867242898,-2.7038176800733402,0.8785380324222258,0.975585107028957,-1.019584508167443,0.1656121502326517,-0.05594543204526823,-2.2592138775776114,0.21550796930175647,-0.9283241307890274,0.48568895919051513,-1.2818512477286654,0.03000653853094012,-0.2831633288865059,AFR
P113,0.30310188495033036,0.12469727765134685,-0.25516417502145444,-1.5362723140442447,0.02279203653896844,0.916113060907781,-0.00827988392958697,-0.608247947199117,0.6252119305794656,-0.2792209192116837,-0.9650127247795103,-0.27809629298790933,0.22585983631655238,0.3248847188245844,1.8783791319931293,-0.6689093400034194,AFR
P114,-0.07347866159040038,0.4261239468194264,-0.023422959200815323,-0.5006181459886532,-0.049257176344243536,0.9891654409469844,-1.073702412717801,-1.7266066811237784,-0.7956788416705864,-1.0470917207664545,0.5837865452929482,0.6010918374142937,-0.9038792895808748,-0.2602286305631211,-1.8582426621125354,-0.4943399501826941,AFR
P115,0.3989819007023456,0.8249378896141027,-0.7130470816913138,1.0518548605275198,-0.01569192151347165,0.2523722008562075,0.7096618656378763,1.6711212285632473,0.4934319881836954,-0.040342386534012425,-2.1951837465222086,-2.0224470560434793,0.12940953689586895,-0.35806266957117455,-1.105835182152118,0.06553258083005072,AFR
P116,0.11513136750780958,0.9444158685402726,0.13660228301270078,1.2283943683343845,1.5079940295488135,1.384665005192664,1.0643121862471823,-0.9784408800414345,2.8144474532661614,0.3752574781667358,0.3808292528376731,0.5250959739725976,1.8771364753316424,0.7925074116726066,-1.6050559790039236,1.4034703847675043,AFR
P117,-0.3408965794450173,0.10715507283932346,-1.2792539721752665,0.5262020181238957,0.8486257099324478,1.6001696379934738,-0.284099005360783,1.9250128017358519,1.9822603001455896,0.046513170214741384,0.06397771136885474,-0.37344296634951507,1.1060062915027862,-0.32891987033337716,-0.4213372746456993,0.9785928636649645,AFR
P118,-0.5382990953166494,-0.03775503444853058,-1.5813107815109928,0.7041903451231669,3.440866939181869,2.221225372799792,1.461799167547305,-0.8461021361773309,0.2363242820282007,-0.9431599243693896,-0.22776554558134285,0.7722114773525048,0.10182061310329862,-1.4126410226012216,-1.3150291055377534,-1.3811639314907738,AFR
P119,0.4914525899395903,2.0638945356566682,1.3624582440002129,-1.8959851991460643,2.9210759380697837,2.436400417014647,-1.5452999455287577,-0.3032016167104975,1.0955224114958095,0.5504335109347853,-1.3090950523879856,0.6107421557961942,-2.1375005960805877,-0.22282217575721136,1.1379567694000488,0.018394215571319834,AFR
P120,-0.4989375499619459,0.8893462537723492,0.9747518150865815,1.3100396928669502,2.374342428446387,2.5813747939371465,0.7329085574375346,0.26552864911647195,0.08950899976381409,-0.237259719097402,-1.2123682930597257,-0.9553115088198088,-0.28201448193520967,0.2414521596024293,1.4408125980042632,-0.04179722787551253,AFR
P121,1.003476290877664,1.0793156564321207,-0.231446797688791,0.5946902113701839,1.2564719582751385,2.822135894078477,0.6358433382659322,-1.1904837546883553,0.16152465215384673,1.6481121618238797,-0.18123103454670117,0.44771503009506813,0.5458788377391453,-1.0366228991646005,0.5107079492135139,-1.3938351520346257,AFR
P122,-0.6256241064013961,1.075722967494192,0.356756290308358,-0.304477807746527,1.9464610212451874,1.4399077522448684,0.012578502351833248,0.6568185267201376,-0.7273677406591319,0.040336405554690695,-0.3122681946066529,-1.5856033746002556,-0.9204557562492998,1.5682064470638322,0.38472331458523407,-1.3235883014013892,AFR
P123,-1.5403543758484106,-0.11216390011058394,1.5611865331764823,-0.18675813480435263,2.806999553404016,1.8519307708186574,0.47125045784589364,-1.3357205093045694,0.9375229217497576,-0.3349320372736072,0.8630924536109083,-0.814169981986113,0.1770493475099125,0.3520029539376315,-0.15403331657586652,0.4045451930861567,AFR
P124,-0.26639707519250877,-0.6490597530412794,1.6054833827939645,1.0489528663614422,0.7391352549518232,2.068444305594613,-0.742678854701153,-1.1846846436623242,1.0338094413989762,-1.7040996256474057,0.9268559135765412,-0.2527223125730585,-0.21154660308052864,0.4097512196232897,0.5811988119942524,-0.8263431768289082,AFR
P125,0.7177256087500634,0.1133705380252234,-1.2560547928680381,-0.1698744835797392,2.881279015558926,3.176594798245697,0.7173484576086773,-1.19034348816837,0.4906069024558882,0.8508609038591928,0.7257079833187221,0.7849542886879182,0.3632630792475308,-0.0724123388305437,-0.6083674959040184,-1.8979355185014963,AFR
P126,0.33964176671335083,0.18605284365218855,0.5575758428248162,-1.3375436932928941,2.14501668931506,3.554545094620777,0.07845013077791134,-0.06166531920654083,0.309002356085701,2.032337024710338,-1.023647761699891,0.20320693339390494,-0.7996574222976441,-0.547004720844995,-0.04959030788193934,1.3473232416135588,AFR
P127,1.8009906006887368,0.4481421446267063,-0.3765947230234853,2.4927388666385184,1.0724455186704798,0.9288640856402627,-1.7749430445787269,1.3960915692447435,0.968245592371294,2.417805536116446,-1.3895233522181258,1.4581708074791095,0.07013551836612739,0.8061002168001363,-1.647777141104471,1.4680818226652972,AFR
P128,0.7865167513318304,-0.038910034786217525,0.6451126876611214,-0.7654953010422492,0.9205599144183007,1.0365553863746038,-1.852727861690278,0.8617584942033671,1.1915936141825663,-0.7013441497638416,0.3482030159448188,-0.2655404746292363,0.3282739620810305,-0.6275772412110292,-0.8834251560876358,1.0520748860237426,AFR
P129,-0.06387058512449259,2.0221089508534758,0.046309964794139964,-0.9260780403504922,2.726940876435939,2.1308001641460197,0.7268728636964236,1.1906006788679186,-0.6527962938457945,-0.12725330898528756,-0.17144983148779322,-1.2907465369156184,-0.2635901501582435,1.3363794578768242,0.237338103793847,-1.3460613278449878,AFR
P130,-1.555839411664935,1.6647760587482714,-0.09031901025512999,-0.6474102057016173,1.2260082351029968,0.022692245682667922,1.4230951495116198,-0.3930529375860296,1.367401527738422,0.05165171444731515,1.4295319745684398,0.2566944990430854,0.853232662869076,0.7190930460883368,0.6232910662519707,0.3479344771827106,AFR
P131,-0.2328507161155849,1.9154346915728602,-0.9069369850959007,0.004307642343159692,1.5148858752075955,1.9024407533435215,-0.4294726458945011,0.31474630558958777,-0.16884258520296613,-1.5819525174378992,0.009552286256846456,-1.1005653330301517,-1.734385762448901,0.13687332068938496,0.48788334201956646,0.5266980421045764,AFR
P132,0.5671707070196942,-1.9325890209406105,-1.3610169279074695,1.9735214368136709,0.4527912399229639,2.110841031136689,-0.686937621665846,0.07967273926756446,-0.6332542022735941,0.5615411546196448,0.13677411731669906,-0.4482897736442336,-1.0501721196807103,0.2677741974925111,-1.21271879904259,0.4274810421208385,AFR
P133,2.6264849090369,1.350170051262012,0.7183478868941628,-0.08560729774114767,-0.43875262700352535,0.17771360409981574,1.2827928561027135,-0.7897560801247798,-0.6992520981640467,-0.16565047568402144,-1.0620462588465547,-1.2267687345516363,-0.050474072781421825,-0.8915294546720363,-0.7410185797788948,-0.781191026147006,AFR
P134,0.5223602138344686,-0.23212569049535728,-0.17857196789385368,0.5969458973088833,1.35796039176706,1.2217462315428271,0.47045035557017084,0.668197843557631,-0.14707349950860418,0.0806077756205216,-0.781790229733328,-0.8606830431645255,0.7691475019668077,0.4449420625446217,0.4552984384165761,0.28085434872552223,AFR
P135,0.04620327581495357,0.6964118908227692,0.9351087610227838,0.9112280051906476,1.3992220840540133,2.886992729908838,0.22846068173232117,0.6323761925657985,0.28208789083487973,0.2470067074841741,-0.7357519902503197,0.701350838344826,2.845294394907639,-0.3747950747900833,0.07099471542494816,-0.4462052643472624,AFR
P136,-0.48801990156193453,1.5444494781186728,-0.6729710177274647,-0.4740804733663613,-0.0874928237313013,0.7423882754577527,-1.7083998929533477,0.6318046992119288,2.7996972218373095,-0.36667879365052214,-1.6667579329902373,0.8999996644297332,-0.7269249589301569,1.2993469305535403,-0.2820290477899447,-0.6318156890827807,AFR
P137,-0.17795755574568647,0.7577767609361872,-0.22742063075565644,-0.49672470279370545,1.301168397021128,0.22814481549911503,0.39703160229398016,-1.7867265938449102,-0.44412145436551537,0.7593852088307432,0.3030482829327168,0.5903205729863903,-0.06504567271880911,1.1697461809855167,0.924699196769792,0.44614100424767456,AFR
P138,0.927545777313543,0.7504235544035768,-0.43946351334689027,-1.3438989116913336,1.9203621258426238,2.046089230831429,1.0904719911385654,-0.9363212750452935,-0.9064310592771633,0.45990026630777037,-0.07116698885308664,-1.8857616105711281,0.37510816375419076,-1.8524229149889546,-0.9452565518733762,1.3516813728601071,AFR
P139,1.8248790178071153,-1.2156563684719617,-0.3293915374126943,0.04262252307870598,3.281226927581568,1.0071310521755985,-0.4768840230332781,1.5487255584628619,-0.374789152718258,0.7222017089664575,-1.4771429651124275,-0.17123274409232622,-1.6595968383264046,-1.0554337809557044,0.8392013551522634,-0.04990539108671263,AFR
P140,-0.31910574055297464,-0.7487496239809176,-0.22065607324128275,0.30111316710069364,2.482916206461762,-1.1251466840968023,-0.8317611742628097,0.15909624218900573,-0.09886311596228586,0.403376242526725,0.26754028612655384,-0.30486786299340723,-0.5268531959871771,-0.2455014897355009,1.1487423498227427,-0.7320079329057144,AFR
P141,-0.06280672314395548,0.18334221399842102,1.560350929874458,-0.30030825823631324,2.458806656010961,2.731979403265022,-0.06375426499064825,-0.2107189790767625,-0.3290536720482161,-0.25582313424258235,0.8542398605768328,0.2310099772555139,0.2352897091698694,-1.125223510379835,-0.9674900773752345,2.14344682477698,AFR
P142,-0.1778257252886896,-0.7747719955783602,1.4310991655892973,0.2818085486835521,2.0781549168645217,1.3619529247184663,-0.31867309057680415,-0.16958637249729036,-1.3827381702986268,-0.08792740941989748,0.29603307704261733,1.8504632338437539,0.0859990650052155,-2.334177042210305,-0.09398543278462142,2.739504133108306,AFR
P143,0.8663662349850397,-0.8108889438085887,0.5911065144305567,-0.7420134248897403,0.14619248045314248,1.151630636765928,0.09152643923886121,-1.8721555024333958,-1.1491592905386359,0.010335563182354726,-0.40817317598895414,0.39481127114609077,-1.2146683273085614,0.7141137485533007,-1.183759097060195,1.64273430193763,AFR
P144,-1.7157582843783166,-1.0925542703834126,0.4173708030318292,1.6642332514976381,1.8150430361161707,2.062857920182391,0.01753690167305848,-1.0263984541151934,-0.4901383482393793,-1.2119097199812767,-1.2787099677768716,0.40174891931974643,-1.1231779820879617,0.3195540067233614,-1.3018227522210977,0.29638302011675466,AFR
P145,-0.4886825689629625,1.4066155336506445,0.32371889557906497,1.2357828929941415,0.7443532835748075,1.5561433402441673,-0.9810871581162783,-0.4136052427444181,-0.2621042227446291,-0.7258582206871392,-1.215502858845695,-1.4135173236526528,-2.339748115707397,-1.0563464635034578,0.6274938966718445,-1.598498532013283,AFR
P146,-1.368122846253305,1.790898571232915,-0.636496049848254,0.3210460091648358,2.1423171465004947,2.16252612978128,-1.5223142306080597,-0.23105967989949022,-1.6182272695183921,2.4463178589103234,-1.5948752640156,-1.0478402188698202,-1.0406008548415047,-1.4966604767228804,1.3525939097565454,2.422447901083496,AFR
P147,-0.4757491193126174,-1.32042314684441,-2.236925498726021,-0.24410871852210148,1.183634576838556,0.8487038736398554,0.2213752539762284,0.3951731428154863,0.32308325793790066,-0.3161248719684872,-1.101621829574262,0.6658330978067158,0.012513759421530454,0.8883575248346502,0.7900755494722314,-1.4217620690471156,AFR
P148,-1.4342222074576032,-0.7555407187405284,-1.056265408290668,0.7552517759761007,1.8513096759879177,2.599183993785311,0.3964868174109183,0.20864958187336902,1.1997297803441704,0.4697273397350485,0.0681009634377188,1.4804530339306854,0.11518088315279006,-0.30434060491792164,-0.8378232587776496,0.7030254590454112,AFR
P149,1.2370505418424689,-0.05058740143343007,1.3079156237798386,-1.970015031971576,1.444546625192085,1.4599050878955637,-0.726994372407347,2.383861037981873,-0.06619263268876116,-0.4077307716044333,0.02596211343350502,-2.0028137385258296,-0.7598679253449151,0.9832399694454041,-0.6289453549327747,-0.8288751628002715,AFR
